Источник	Категория факта	Факт о бисопрололе (значение / дословная формулировка)	Атрибуция (раздел / таблица / страница)	Тип источника значения	Пометка
Rasmussen/Holt, Am Heart J 2026	Экспозиция	Бисопролол входит в изучаемую экспозицию «BB» наряду с метопрололом, карведилолом, атенололом, пропранололом и «other [<1%]»	Methods, «Study design, population, and exposure», стр. 2 PDF (журн. 112)	осн. текст	
Rasmussen/Holt, Am Heart J 2026	Размер группы	n = 3 952; доля 6,1% от всех получавших ББ (64 722)	Table 1 «Baseline characteristics», строка «Bisoprolol», стр. 5 PDF (журн. 115)	таблица (визуально подтверждено)	
Rasmussen/Holt, Am Heart J 2026	Частота назначения	«carvedilol (6.1%), and bisoprolol (6.1%)» — делит место с карведилолом	Results, стр. 4 PDF (журн. 114)	осн. текст	
Rasmussen/Holt, Am Heart J 2026	Определение «высокой дозы»	Порог «высокой дозы» для бисопролола — ≥10 мг («highest tablet strength available»)	Methods, «Statistical analysis», стр. 3 PDF; повторено в подписи Figure 4, стр. 8 PDF	осн. текст	
Rasmussen/Holt, Am Heart J 2026	Исход: эректильная дисфункция	Среди отдельных ББ бисопролол «conferred the highest risk of erectile dysfunction» — качественно, БЕЗ ЧИСЕЛ	Results, «Supplementary analyses», стр. 4 PDF, со ссылкой на Suppl. Table S3A	осн. текст	
Rasmussen/Holt, Am Heart J 2026	Исходы: депрессия, тревога/инсомния	Числовые оценки риска (RR / абс. риск / 95% ДИ / n событий) для бисопролола по любому из пяти исходов	Suppl. Table S3A	супплемент	ТОЛЬКО В СУППЛЕМЕНТЕ — НЕ ПРИЛОЖЕН. Вопрос «пересекает ли ДИ бисопролола единицу» по имеющемуся файлу НЕ РАЗРЕШИМ
Rasmussen/Holt, Am Heart J 2026	Фармакологическая характеристика	Отнесение бисопролола к поколению ББ, селективности, липофильности	—	—	НЕ НАЙДЕНО В ФАЙЛЕ
Riemer, Hypertension 2021	Представленность в мета-анализе	Бисопролол представлен ОДНИМ исследованием — Frishman WH 1994, «Bisoprolol 2.5–40 mg»	Table «Overview of Studies Contributing Data…», стр. 6 PDF (журн. 1544)	таблица	
Riemer, Hypertension 2021	Характеристики исследования Frishman 1994	Показание HT; длительность 12 wk; год проведения не указан («…»)	Table, стр. 6 PDF	таблица	
Riemer, Hypertension 2021	Характеристики исследования Frishman 1994	Рандомизировано 197 на бисопролол и 63 на плацебо; проанализировано 197 и 63	Table, стр. 6 PDF	таблица	
Riemer, Hypertension 2021	Характеристики исследования Frishman 1994	Пол, средний возраст и расовый состав не сообщены («…»); тип анализа — Per-protocol; регистрация НЯ — Passive (spontaneous complaints)	Table, стр. 6 PDF	таблица	
Riemer, Hypertension 2021	Качество исследования Frishman 1994	Оценка качества 3 = ВЫСОКИЙ РИСК СМЕЩЕНИЯ (по сноске ‡)	Table + сноска ‡, стр. 6–7 PDF (журн. 1544–1545)	таблица	
Riemer, Hypertension 2021	Эффект по бисопрололу	Отдельного OR / 95% ДИ / p для бисопролола в файле НЕТ; данные Frishman 1994 видны только на лес-плоте	Figure 2, стр. 8 PDF	рисунок	ТРЕБУЕТ ВИЗУАЛЬНОЙ ПРОВЕРКИ (Figure 2, стр. 8) — числа не извлекались по правилу
Riemer, Hypertension 2021	Упоминание чужих данных	«even found possible protective effects of propranolol, atenolol, bisoprolol, and carvedilol» — пересказ Kessing 2020 (ссылка 25), НЕ результат этого мета-анализа	Discussion, стр. 5 PDF (журн. 1543)	осн. текст	Вторичное цитирование, цифр нет
Riemer, Hypertension 2021	Липофильность / субанализы	Бисопролол НЕ упоминается в контексте липофильности, ISA, субгрупповых анализов или препарат-специфичных оценок	сплошной поиск по всему файлу	—	НЕ НАЙДЕНО В ФАЙЛЕ
BETAMI-DANBLOCK, Eur Heart J 2026	Упоминание	Единственное упоминание — пример препарата в самоотчётном вопросе о приверженности: «‘Are you using medications of the beta-blocker type (e.g. Selo-zok, Emconcor, Metoprolol, Carvedilol, Atenolol, Tenormin, Bisoprolol, Uniloc)’»	Appendix «Self-reported screening questions concerning adherence», стр. 10	осн. текст	
BETAMI-DANBLOCK, Eur Heart J 2026	Доля в выборке	Доля бисопролола в выборке не приведена; в Table 1 указан только метопролол — 2 262 (95,6%)	Table 1 Continued, стр. 6	таблица	НЕ НАЙДЕНО В ФАЙЛЕ
BETAMI-DANBLOCK, Eur Heart J 2026	Подгрупповой анализ	Бисопролол не выделен в отдельную подгруппу; подгрупповые анализы по препаратам ограничены дозами метопролола	Methods, стр. 4; подпись к Figure 3, стр. 8	осн. текст	НЕ НАЙДЕНО В ФАЙЛЕ
Kessing, Hypertension 2020	Экспозиция и размер группы	Включён как отдельный препарат, ATC C07AB07; экспонированы n = 4 117	Table 1, стр. 4	таблица	
Kessing, Hypertension 2020	Демография группы	Медиана возраста на дату первого рецепта — «58 (84–77)» (квантили в источнике напечатаны противоречиво); доля женщин 58%	Table 1, стр. 4	таблица	Дефект публикации: нижний квантиль больше верхнего (см. gaps.md)
Kessing, Hypertension 2020	Тренд-тест, исход «диагноз депрессии», partially adjusted	HR 0.87 (0.82–0.92), P<0.001*	Table 5, стр. 12	таблица (визуально подтверждено)	
Kessing, Hypertension 2020	Тренд-тест, исход «диагноз депрессии», fully adjusted	HR 0.86 (0.81–0.91), P<0.001*	Table 5, стр. 12	таблица (визуально подтверждено)	
Kessing, Hypertension 2020	Тренд-тест, исход «диагноз или антидепрессант», partially adjusted	HR 0.90 (0.87–0.94), P<0.001*	Table 5, стр. 12	таблица (визуально подтверждено)	
Kessing, Hypertension 2020	Тренд-тест, исход «диагноз или антидепрессант», fully adjusted	HR 0.90 (0.87–0.94), P<0.001*	Table 5, стр. 12	таблица (визуально подтверждено)	
Kessing, Hypertension 2020	Категория «0 рецептов» vs 1–2	0.53 (0.47–0.60) / 0.60 (0.52–0.68) / 0.61 (0.56–0.67) / 0.65 (0.59–0.71)	Table 5, стр. 12	таблица	Авторы трактуют как конфаундирование по показанию
Kessing, Hypertension 2020	Категория «3–5 рецептов» vs 1–2	0.77 (0.61–0.97) / 0.79 (0.63–1.00) / 0.99 (0.85–1.15) / 0.99 (0.85–1.15)	Table 5, стр. 12	таблица	
Kessing, Hypertension 2020	Категория «6–10 рецептов» vs 1–2	0.79 (0.63–1.00) / 0.79 (0.62–1.00) / 0.76 (0.65–0.90) / 0.76 (0.65–0.90)	Table 5, стр. 12	таблица	
Kessing, Hypertension 2020	Категория «>10 рецептов» vs 1–2	0.63 (0.53–0.75) / 0.63 (0.53–0.75) / 0.76 (0.67–0.85) / 0.75 (0.67–0.84)	Table 5, стр. 12	таблица	
Kessing, Hypertension 2020	Положение среди препаратов	Отнесён авторами к 4 β-блокаторам, значимым во всех 4 анализах (с пропранололом, атенололом, карведилолом)	Abstract стр. 1; Results стр. 4; Discussion стр. 5; Conclusions стр. 15	осн. текст	
Kessing, Hypertension 2020	Множественность	Все 4 P-значения бисопролола проходят Бонферрони-порог P<0.003 для β-блокаторов (15 препаратов)	Statistical Analyses, стр. 3; Results, стр. 4	осн. текст	
Kessing, Hypertension 2020	Фармакологическая характеристика	«second generation, selective β-blocker with low lipid solubility»; отнесён к «hydrophilic β-blockers», способным давать центральные эффекты через высвобождение NO и перекиси водорода НЕЗАВИСИМО от прохождения через ГЭБ	Discussion → «Pharmacological Properties of Individual Drugs» → «β-Blockers», стр. 15	осн. текст	Ссылки 35 и 53 (Laurens C et al., Front Neurosci 2019;13:33)
Kessing, Hypertension 2020	Ограничения	Дозы бисопролола, приверженность и показание к назначению в исследовании неизвестны	Limitations, стр. 14	осн. текст	
Kessing, Hypertension 2020	Ограничения	Прямого сравнения бисопролола с другими β-блокаторами не проводилось: «we did not compare rates of depression across drugs but within different prescription periods within each drug»	Limitations, стр. 14	осн. текст	Ключевая оговорка для корректного цитирования
Molero, PLoS Med 2023	Экспозиция	Бисопролол входит в перечень изучавшихся β-блокаторов (ATC C07AB07)	Materials and methods → Medications, стр. 5	осн. текст	
Molero, PLoS Med 2023	Размер группы	16,6% когорты (n = 232 688); 3-е место после метопролола (60,0%, 826 165) и атенолола (24,8%, 347 540); категории не взаимоисключающие	Table 1, стр. 8; Results, стр. 11	таблица	
Molero, PLoS Med 2023	Наличие отдельного анализа	По бисопрололу проведён отдельный within-individual анализ (в отличие от лабеталола и пиндолола, где не хватило событий)	Statistical analyses, стр. 7	осн. текст	
Molero, PLoS Med 2023	Исход: психиатрические госпитализации	Терапия бисопрололом ассоциировалась со сниженным риском психиатрических госпитализаций — СЛОВЕСНО, числовых HR/ДИ/p в основном тексте нет	Results → «…by individual β-blockers», стр. 13	осн. текст	
Molero, PLoS Med 2023	Числовые HR по бисопрололу	HR по всем трём исходам	S2 Fig	супплемент	ТОЛЬКО В СУППЛЕМЕНТЕ — НЕ ПРИЛОЖЕН
Molero, PLoS Med 2023	Число событий по бисопрололу	Число событий	S2 Table	супплемент	ТОЛЬКО В СУППЛЕМЕНТЕ — НЕ ПРИЛОЖЕН
Molero, PLoS Med 2023	Исходы: суицидальное поведение, насильственные преступления	Ассоциации бисопролола с этими исходами словесно не описаны; среди препаратов со сниженным риском насильственных преступлений названы только атенолол и метопролол	Results, стр. 13	осн. текст	
Molero, PLoS Med 2023	Липофильность / селективность	Отнесение бисопролола к категории селективности и растворимости в основном тексте отсутствует; распределение препаратов — в S1 Text, page 2	отсылка на стр. 7	супплемент	ТОЛЬКО В СУППЛЕМЕНТЕ — НЕ ПРИЛОЖЕН
Molero, PLoS Med 2023	Доза	Доза бисопролола нигде не указана	—	—	НЕ НАЙДЕНО В ФАЙЛЕ
Chang, Drug Metab Pharmacokinet 2013	Экспозиция	Бисопролол включён в перечень изучаемых экспозиций (12 β-блокаторов)	Methods, «Definition and classification of exposure», стр. 2 PDF	осн. текст	
Chang, Drug Metab Pharmacokinet 2013	Селективность	Отнесён к СЕЛЕКТИВНЫМ β1-блокаторам	Methods, стр. 2 PDF; Table 2, сноска c, стр. 4 PDF	осн. текст	Ссылка 29 — Frishman, Am J Ther 2008
Chang, Drug Metab Pharmacokinet 2013	Липофильность	Отнесён к β-блокаторам с ВЫСОКОЙ ЛИПОФИЛЬНОСТЬЮ	Methods, стр. 2 PDF; Table 2, сноска d, стр. 4 PDF	осн. текст	Ссылки 30 (Woods & Robinson 1981) и 31 (López-Sendón 2004)
Chang, Drug Metab Pharmacokinet 2013	Число событий, 30 дней	24 (3,1%)	Table 2, стр. 4 PDF	таблица (визуально подтверждено)	
Chang, Drug Metab Pharmacokinet 2013	Инсомния 30 дней, нескорректированное ОШ	0.32 [0.20–0.51]*** vs пропранолол	Table 2, стр. 4 PDF	таблица (визуально подтверждено)	
Chang, Drug Metab Pharmacokinet 2013	Инсомния 30 дней, скорректированное ОШ	0.31 [0.19–0.50]*** vs пропранолол	Table 2, стр. 4 PDF; продублировано в Results, стр. 3 PDF и в абстракте, стр. 1 PDF	таблица + осн. текст + абстракт	Самый низкий риск инсомнии среди всех изученных ББ
Chang, Drug Metab Pharmacokinet 2013	Число событий, 90 дней	50 (6,4%)	Table 2, стр. 4 PDF	таблица	
Chang, Drug Metab Pharmacokinet 2013	Инсомния 90 дней, нескорректированное ОШ	0.53 [0.37–0.76]***	Table 2, стр. 4 PDF	таблица	
Chang, Drug Metab Pharmacokinet 2013	Инсомния 90 дней, скорректированное ОШ	0.50 [0.35–0.72]***	Table 2, стр. 4 PDF	таблица	
Chang, Drug Metab Pharmacokinet 2013	Формулировка авторов	«bisoprolol had the lowest risk of insomnia» (среди изученных ББ, референс — пропранолол)	Results, стр. 3 PDF; Discussion, стр. 4 PDF	осн. текст	
Chang, Drug Metab Pharmacokinet 2013	Формулировка авторов	«atenolol or bisoprolol might be a better choice than propranolol or labetalol» при необходимости ББ у пожилого пациента с АГ	Discussion, стр. 5 PDF	осн. текст	
Chang, Drug Metab Pharmacokinet 2013	Формулировка авторов	Бисопролол — «newer β-blocker with high lipophilicity and higher selectivity», не показавший более высокого риска инсомнии, чем более старые ББ	Discussion, стр. 4 PDF	осн. текст	Прямое указание авторов на расхождение риска с их же классификацией липофильности
Chang, Drug Metab Pharmacokinet 2013	Размер группы	n группы бисопролола	Table 2 содержит только число событий и %	—	НЕ НАЙДЕНО В ФАЙЛЕ
Chang, Drug Metab Pharmacokinet 2013	Доза	Дозы бисопролола	—	—	НЕ НАЙДЕНО В ФАЙЛЕ
Stoschitzky, Cardiology 2006	Доза и режим	10 мг однократно в 1-й день, далее 5 мг 1 раз в сутки 7 дней	Abstract стр. 1; Methods стр. 2	осн. текст	
Stoschitzky, Cardiology 2006	Обоснование дозы	Первая доза соответствовала рекомендованной в CIBIS II; последующие — 50% от неё, т. к. исследование у здоровых добровольцев	Methods, стр. 2	осн. текст	
Stoschitzky, Cardiology 2006	Фармакологическая характеристика	«a second generation beta1-selective beta-blocker without additional effects [7, 8]»	Introduction, стр. 2	осн. текст	
Stoschitzky, Cardiology 2006	ЧСС в покое, 3 ч	52 ± 8 (−21%), p<0.05 vs baseline	Table 1, стр. 3	таблица (визуально подтверждено)	Внутригрупповое сравнение
Stoschitzky, Cardiology 2006	ЧСС при нагрузке, 3 ч	123 ± 10 (−24%), p<0.05 vs baseline; эффект больше, чем у небиволола (p<0.05, МЕЖГРУППОВОЕ)	Table 1, стр. 3; Results, стр. 4	таблица + осн. текст	
Stoschitzky, Cardiology 2006	Trough-to-peak ratio	76% после первой дозы; 58% после 7 дней — значимо ниже, чем у карведилола (85%) и небиволола (91%), p<0.05	Results, стр. 4; Fig 1, стр. 4	осн. текст	
Stoschitzky, Cardiology 2006	Ночная секреция мелатонина	aMT6s 14.9 ± 20.0 mg (1-я ночь) и 16.8 ± 13.4 mg (7-я ночь) → −44% и −36% vs плацебо (26.9 ± 21.4 и 26.3 ± 22.4 mg), p<0.05 в обоих случаях	Results, стр. 4–5; подпись Fig 2, стр. 4	осн. текст	Межгрупповое сравнение vs плацебо. SD превышает среднее в 1-ю ночь. Единица «mg» — как напечатано
Stoschitzky, Cardiology 2006	Ночная секреция мелатонина	Единственный из трёх препаратов, снизивший ночную секрецию мелатонина; авторы: «a feature which might cause sleep disturbances»	Abstract стр. 1; Results стр. 4–5; Discussion стр. 6	осн. текст	Карведилол −16%/−8% и небиволол −19%/−13% — n.s.
Stoschitzky, Cardiology 2006	Качество жизни	Total QOL 8.4 ± 0.5 — не отличался от плацебо (8.6 ± 0.4); «bisoprolol and nebivolol did not alter QOL»	Table 2, стр. 5; Abstract стр. 1; Discussion стр. 6	таблица + осн. текст	
Stoschitzky, Cardiology 2006	Качество сна (пункт анкеты)	День 1 — 8.3 ± 2.3 (p=0.603); день 7 — 8.7 ± 1.4 (p=0.049); «quality of sleep with bisoprolol was not worse than with the other drugs»	Table 2, стр. 5; Discussion, стр. 6	таблица + осн. текст	Сон валидированной шкалой или ПСГ НЕ измерялся — только пункт самодельного опросника
Stoschitzky, Cardiology 2006	Новизна	«the influence of nebivolol and bisoprolol on nocturnal melatonin release never was investigated»	Introduction, стр. 2	осн. текст	
Lancaster & Sorkin, Drugs 1988	Класс и профиль активности	«β:1- adrenoceptor antagonist with no partial agonist (intrinsic sympathomimetic) activity or membrane stabilising (local anaesthetic) activity»	Summary / Synopsis	абстракт	Файл SYNOPSIS-ONLY
Lancaster & Sorkin, Drugs 1988	Потенция β1-блокады (животные)	Более потентен, чем атенолол и метопролол; менее потентен, чем пропранолол и бетаксолол	Pharmacodynamic Studies	абстракт	Данные на животных, вид не указан
Lancaster & Sorkin, Drugs 1988	Липофильность	«possessing both lipophilic and hydrophilic properties»	Pharmacokinetic Studies	абстракт	Первичная ссылка НЕ названа
Lancaster & Sorkin, Drugs 1988	Проникновение через ГЭБ	«Animal studies indicate that bisoprolol is rapidly and widely distributed, but little placental transfer occurs and the drug only penetrates the blood-brain barrier to a small degree in comparison to metoprolol and propranolol»	Pharmacokinetic Studies	абстракт	ЖИВОТНЫЕ, вид не указан; первичная ссылка НЕ названа
Lancaster & Sorkin, Drugs 1988	Фармакокинетика	Биодоступность ⩾90% (в Synopsis — «high (90%)»); Tmax в пределах 3 ч после 10 мг; Cmax 36–78 μg/L; связывание с белками ~30%; ~50% метаболизируется печенью до 3 неактивных метаболитов, остальное выводится почками неизменённым; first-pass ⩽10%	Pharmacokinetic Studies / Synopsis	абстракт	
Lancaster & Sorkin, Drugs 1988	T1/2	Здоровые 9–12 ч; почечная недостаточность ~18 ч; цирроз печени ~13 ч	Pharmacokinetic Studies	абстракт	
Lancaster & Sorkin, Drugs 1988	ЦНС-нежелательные явления	Наиболее частые НЯ — «‘Giddiness’, headache and tiredness»; отмена из-за НЯ ~2,7%. ЧАСТОТЫ ОТДЕЛЬНЫХ ЦНС-НЯ не приведены. Слова depression, insomnia, sleep, dream, nightmare, hallucination в файле НЕ ВСТРЕЧАЮТСЯ НИ РАЗУ	Side Effects; сплошной поиск по файлу	абстракт	Ключевой отрицательный результат корпуса
Boyce, JACLP 2021	Вторичное цитирование	«propranolol, atenolol, bisoprolol, and carvedilol were associated with a decreased rate of diagnosis of depression relative to the comparison group of those only on diuretics for hypertension» — пересказ Kessing 2020	MOOD DISORDERS → Depression, стр. 4 PDF (журн. 407), ссылка 31	осн. текст	Компаратор описан обзором иначе, чем в первоисточнике
Boyce, JACLP 2021	Вторичное цитирование	«a recent population-based study of patients on antihypertensive medications which included over 700,000 subjects who had received BB therapy»	там же, стр. 4 PDF	осн. текст	
Boyce, JACLP 2021	Отсутствие чисел	«The hazard ratios reported for these BBs were similar in magnitude, but no formal analysis was conducted to differentiate the effects based on BB characteristics» — сами HR не приведены	там же, стр. 4 PDF	осн. текст	НЕ НАЙДЕНО В ФАЙЛЕ (числовые значения)
Boyce, JACLP 2021	Липофильность	Бисопролол ОТСУТСТВУЕТ в Table 1 «Characteristics of β-Blockers Discussed in This Review» (в таблице 10 препаратов: атенолол, бетаксолол, карведилол, лабеталол, метопролол, надолол, окспренолол, пиндолол, пропранолол, тимолол)	Table 1, стр. 2 PDF (журн. 405)	таблица	Категория для бисопролола не присвоена
Boyce, JACLP 2021	Прочие разделы	Бисопролол не упоминается ни в одном другом разделе (тревожные расстройства, мания, ОСР/ПТСР, психоз, ЭПС/акатизия, агрессия/ажитация, НЯ и противопоказания, взаимодействия — в перечне субстратов CYP2D6 названы пропранолол, карведилол, небиволол, тимолол, метопролол)	сплошной поиск по файлу; DRUG-DRUG INTERACTIONS — стр. 6 PDF	осн. текст	
van de Ven, J Psychosom Res 1995	Доза и режим	Бисопролол 5 мг 1 раз в сутки, 3 недели в каждом активном периоде	Methods, «Procedures», стр. 3 / 1009; Abstract, стр. 1 / 1007	осн. текст	
van de Ven, J Psychosom Res 1995	Липофильность и ГЭБ	«Bisoprolol is a beta-1-selective blocker, with a moderate lipophilic property, which enables it to pass the blood–brain barrier [17].»	Introduction, стр. 2 / 1008	осн. текст	Ссылка 17 = Wellstein A et al., Eur Heart J 1987;8(suppl M):3–8
van de Ven, J Psychosom Res 1995	Липофильность и ГЭБ	«Bisoprolol is a moderate lipophylic substance that passes the blood–brain barrier and has central effects like those of propranolol [20].» (опечатка «lipophylic» — авторская)	Discussion, стр. 6 / 1012	осн. текст	Ссылка 20 по содержанию НЕ соответствует утверждению (Dorow P et al. о ХОБЛ) — см. gaps.md
van de Ven, J Psychosom Res 1995	Фармакокинетика	«The elimination half-life is 12 hours, which allows for a once-a-day dosage.»	Introduction, стр. 2 / 1008	осн. текст	
van de Ven, J Psychosom Res 1995	Бронхиальная безопасность	«Bisoprolol has been shown to lack bronchoconstrictive effects in volunteers and asthmatic patients [18, 19].»	Introduction, стр. 2 / 1008; повтор в Discussion, стр. 6 / 1012	осн. текст	Ссылка 18 по содержанию не соответствует (Suzman MM о пропранололе при тревоге)
van de Ven, J Psychosom Res 1995	Эффективность: приступы	1.26 ± 1.25 приступа/нед vs baseline 4.04 ± 1.25 (p<0.001) и vs плацебо 3.51 ± 2.11 (p<0.0001)	Results, стр. 4 / 1010	осн. текст	Единственное в корпусе интервенционное РКИ бисопролола при психосоматическом состоянии
van de Ven, J Psychosom Res 1995	Эффективность: тяжесть симптомов	Балл Nijmegen 15 ± 3.4 (с 31 ± 4.1; p<0.01); улучшение значимо больше, чем на плацебо (p<0.05)	Results, стр. 4 / 1010	осн. текст	
van de Ven, J Psychosom Res 1995	Респондеры	48 (94%) из 51 vs 16 (32%) на плацебо; по периодам 25 (49%) и 23 (45%)	Table V, стр. 5 / 1011; Results, стр. 4 / 1010	таблица (визуально подтверждено)	В Table V сноска *p<0.001, в тексте p<0.05 — расхождение источника
van de Ven, J Psychosom Res 1995	ЧСС	72 уд/мин vs baseline 79 и плацебо 77	Table VI, стр. 5 / 1011; Results, стр. 5 / 1011	таблица	В сноске Table VI *p<0.05, в тексте p<0.001 — расхождение источника
van de Ven, J Psychosom Res 1995	АД	«There was no influence of either treatment on blood pressure»; САД 125 и ДАД 80 vs baseline 126/79	Results, стр. 5 / 1011; Table VI, стр. 5 / 1011	осн. текст + таблица	
van de Ven, J Psychosom Res 1995	Безопасность	«There were no adverse events reported other than those complaints mentioned in the questionnaire»; «No serious side effects were reported»	Results, стр. 5 / 1011; Abstract, стр. 1 / 1007	осн. текст	Перечень и частоты отдельных НЯ, в т. ч. ЦНС и сон-ассоциированных, НЕ НАЙДЕНО В ФАЙЛЕ
van de Ven, J Psychosom Res 1995	Наблюдение авторов	Бисопролол в 9 дневниках сопровождался «arousal of attacks that did not develop into full attacks» (против 3 таких дневников на плацебо)	Results, стр. 4 / 1010	осн. текст	
van de Ven, J Psychosom Res 1995	Вывод авторов	«Five milligrams of bisoprolol once daily is effective and safe in the maintenance of symptom reduction in patients with the hyperventilation syndrome.»	Abstract, стр. 1 / 1007; Discussion, стр. 6 / 1012	абстракт + осн. текст	
